nombre,precio,cantidad
papas,7777.000000,40
platano,4567.000000,56
coca,7000.000000,15
